idna_subject,checker_type,destination,tested_at
024app1eid.com.sylidegatelnemen.com,AVAILABILITY,origin.list,2021-07-03 21:31:48.453806
0lnstagram.com.fbcdnx.icu,AVAILABILITY,origin.list,2021-07-03 21:31:54.851093
0paypa1.com,AVAILABILITY,origin.list,2021-07-03 21:32:01.247813
1al6c22e.face-book.cc,AVAILABILITY,origin.list,2021-07-03 21:32:06.687554
1d-app1e.uk,AVAILABILITY,origin.list,2021-07-03 21:32:39.956899
1fog0t.app1e.com.nz-fix.restore.live,AVAILABILITY,origin.list,2021-07-03 21:33:07.247220
1imited-paypa1.com-myapps-investigation.info,AVAILABILITY,origin.list,2021-07-03 21:33:17.771757
1nstagram-supp0rt.cf,AVAILABILITY,origin.list,2021-07-03 21:33:44.740988
1nstagram.cf,AVAILABILITY,origin.list,2021-07-03 21:33:59.257583
1nstagram.club,AVAILABILITY,origin.list,2021-07-03 21:34:09.342734
1nstagram.ir,AVAILABILITY,origin.list,2021-07-03 21:35:05.405813
1nstagram.nicaraguademocratica.com,AVAILABILITY,origin.list,2021-07-03 21:36:22.965902
1nstagram.nl,AVAILABILITY,origin.list,2021-07-03 21:36:29.989431
1nstagramshop.ru,AVAILABILITY,origin.list,2021-07-03 21:37:50.712808
1nstagramverify.somee.com,AVAILABILITY,origin.list,2021-07-03 21:37:57.373604
1ocksecure-app1eldverlfy.com,AVAILABILITY,origin.list,2021-07-03 21:38:06.218142
1og1napp1e1d.information-requied.com,AVAILABILITY,origin.list,2021-07-03 21:38:11.849556
1oginauthapp1everlfsesion.com,AVAILABILITY,origin.list,2021-07-03 21:38:30.110215
1oginmana9everfapp1eld.com,AVAILABILITY,origin.list,2021-07-03 21:38:45.061525
1oginmangservldregupgdeapp1e.com,AVAILABILITY,origin.list,2021-07-03 21:57:11.942092
1oginmyaccesapp1everlfnow.com,AVAILABILITY,origin.list,2021-07-03 21:57:18.700428
1oginservldregupgdeapp1e.com,AVAILABILITY,origin.list,2021-07-03 21:58:02.541491
1oginservldupgdeapp1e.com,AVAILABILITY,origin.list,2021-07-03 21:58:09.199970
1oginver1f-app1eldsecures.com,AVAILABILITY,origin.list,2021-07-03 21:58:14.991347
1oginverfapp1eldauth1nfo.com,AVAILABILITY,origin.list,2021-07-03 21:58:21.735189
1oglnaccesverfupgdeapp1e.com,AVAILABILITY,origin.list,2021-07-03 21:58:36.959308
1oglnactveapp1enow.com,AVAILABILITY,origin.list,2021-07-03 21:58:43.662473
1oglnactvemangemyappsconfrmapp1esetupnow.com,AVAILABILITY,origin.list,2021-07-03 21:58:50.390914
1oglnactvemyapp1enow.com,AVAILABILITY,origin.list,2021-07-03 21:58:57.203789
1oglnacverfupgdeapp1e.com,AVAILABILITY,origin.list,2021-07-03 21:59:03.810896
1oglnapp1eldmanagemnt.com,AVAILABILITY,origin.list,2021-07-03 21:59:10.625444
1oglnappsverf1abelouthapp1e.com,AVAILABILITY,origin.list,2021-07-03 21:59:17.375011
1oglnatverfprlvapp1e.com,AVAILABILITY,origin.list,2021-07-03 21:59:24.046770
1oglnatverfprlvupgdeapp1e.com,AVAILABILITY,origin.list,2021-07-03 21:59:30.773709
1oglnauthconfrmupdte1napp1e.com,AVAILABILITY,origin.list,2021-07-03 21:59:37.524569
1oglnauthconfrmusmngeapp1e.com,AVAILABILITY,origin.list,2021-07-03 21:59:44.266253
1oglnauthgetconfrmusmngeapp1e.com,AVAILABILITY,origin.list,2021-07-03 21:59:50.982053
1oglnconfmasecueapp1e.com,AVAILABILITY,origin.list,2021-07-03 21:59:57.558150
1oglnconfmasecupgdeapp1e.com,AVAILABILITY,origin.list,2021-07-03 22:00:04.401562
1oglnconfrmatprupgdeapp1e.com,AVAILABILITY,origin.list,2021-07-03 22:00:11.088349
1oglngetrecvryupgradeapp1e.com,AVAILABILITY,origin.list,2021-07-03 22:00:17.713203
1oglnmangeautchapp1e.com,AVAILABILITY,origin.list,2021-07-03 22:00:24.424074
1oglnmangeautchgetapp1e.com,AVAILABILITY,origin.list,2021-07-03 22:00:31.016307
1oglnmangedashapp1econflrm.com,AVAILABILITY,origin.list,2021-07-03 22:00:37.753217
1oglnmangesecue1nregapp1econfrm.com,AVAILABILITY,origin.list,2021-07-03 22:00:44.474409
1oglnmangesecueapp1econfrm.com,AVAILABILITY,origin.list,2021-07-03 22:00:51.217593
1oglnmnagapp1eforconfrm.com,AVAILABILITY,origin.list,2021-07-03 22:00:57.860192
1oglnmnagapp1eforegconfrm.com,AVAILABILITY,origin.list,2021-07-03 22:01:04.586420
1oglnmnagapp1eprocesconfrm.com,AVAILABILITY,origin.list,2021-07-03 22:01:11.286126
1oglnmnageappsgetallverfmapp1e.com,AVAILABILITY,origin.list,2021-07-03 22:01:18.131270
1oglnmnageappsgetverfmapp1e.com,AVAILABILITY,origin.list,2021-07-03 22:01:24.900592
1oglnmnageappsverfmapp1e.com,AVAILABILITY,origin.list,2021-07-03 22:01:31.722323
1oglnprotectapp1eld.com,AVAILABILITY,origin.list,2021-07-03 22:01:38.374080
1oglnrecvryupgradeapp1e.com,AVAILABILITY,origin.list,2021-07-03 22:01:45.080997
1oglnreg1dapp1emnageconfrm.com,AVAILABILITY,origin.list,2021-07-03 22:01:51.728029
1oglnscreuappsmngeapp1e.com,AVAILABILITY,origin.list,2021-07-03 22:01:58.479956
1oglnverf1abelouthapp1e.com,AVAILABILITY,origin.list,2021-07-03 22:02:05.344442
1oglnverfscreuappsmngeapp1e.com,AVAILABILITY,origin.list,2021-07-03 22:02:16.410091
1ognconfrmappsmyva1ldateapp1enow.com,AVAILABILITY,origin.list,2021-07-03 22:02:23.288765
1st.face-book.cc,AVAILABILITY,origin.list,2021-07-03 22:02:29.030579
1supports-lnstagram.cf,AVAILABILITY,origin.list,2021-07-03 22:03:20.294177
2021-lnstagram-copyright-notice.ml,AVAILABILITY,origin.list,2021-07-03 22:04:05.500495
21app1e-lockedd-com.cf,AVAILABILITY,origin.list,2021-07-03 22:05:02.282344
3nableapp1e-lock3d-accou1nt-com.ml,AVAILABILITY,origin.list,2021-07-03 22:06:22.287328
404-202app1e-review.cf,AVAILABILITY,origin.list,2021-07-03 22:07:29.036710
404app1e-1nvoiced-accou1nt-com.tk,AVAILABILITY,origin.list,2021-07-03 22:08:00.210834
404app1e-invoice-locked-com.cf,AVAILABILITY,origin.list,2021-07-03 22:08:54.551372
404app1e-invoice-purchase-cancel-com.tk,AVAILABILITY,origin.list,2021-07-03 22:09:27.260002
424app1eid.com.kuncinenyong.com,AVAILABILITY,origin.list,2021-07-03 22:09:33.979495
77c16wp1.face-book.cc,AVAILABILITY,origin.list,2021-07-03 22:09:47.313318
7re7.face-book.cc,AVAILABILITY,origin.list,2021-07-03 22:09:53.015301
abluetickverifly-lnstagramz.ml,AVAILABILITY,origin.list,2021-07-03 22:11:12.634323
about-lnstagram-com.cf,AVAILABILITY,origin.list,2021-07-03 22:12:48.008863
about-lnstagram-com.gq,AVAILABILITY,origin.list,2021-07-03 22:13:37.621310
about-lnstagram-com.tk,AVAILABILITY,origin.list,2021-07-03 22:14:12.783369
about-lnstagram-copyright.tk,AVAILABILITY,origin.list,2021-07-03 22:15:00.492932
about-lnstagram-copyrightnotice.com,AVAILABILITY,origin.list,2021-07-03 22:15:06.297714
about-lnstagram-form.about-tiktok.tk,AVAILABILITY,origin.list,2021-07-03 22:15:47.496410
about-lnstagram-form.ml,AVAILABILITY,origin.list,2021-07-03 22:16:45.276456
about-lnstagram-team-com.gq,AVAILABILITY,origin.list,2021-07-03 22:17:36.578120
about-lnstagram-verifiedbadges.cf,AVAILABILITY,origin.list,2021-07-03 22:27:57.051288
about-lnstagram-verifiedbadges.ml,AVAILABILITY,origin.list,2021-07-03 22:28:09.218388
about-lnstagram-violation.cf,AVAILABILITY,origin.list,2021-07-03 22:28:22.908194
about-lnstagram.cf,AVAILABILITY,origin.list,2021-07-03 22:28:35.744546
about-lnstagramverifications.ml,AVAILABILITY,origin.list,2021-07-03 22:29:31.875102
abouthelplnstagram.cf,AVAILABILITY,origin.list,2021-07-03 22:30:19.716167
abouthelplnstagram.ga,AVAILABILITY,origin.list,2021-07-03 22:30:37.982595
abouthelplnstagram.ml,AVAILABILITY,origin.list,2021-07-03 22:30:50.614766
abouthelplnstagram.tk,AVAILABILITY,origin.list,2021-07-03 22:30:59.408066
aboutlnstagram.ga,AVAILABILITY,origin.list,2021-07-03 22:31:23.472158
aboutlnstagramhelp.ml,AVAILABILITY,origin.list,2021-07-03 22:31:46.087195
aboutlnstagramsupport.ml,AVAILABILITY,origin.list,2021-07-03 22:31:58.436491
abs.tw1tter.com,AVAILABILITY,origin.list,2021-07-03 22:32:05.076517
abs.tw1tter.js3and404.com,AVAILABILITY,origin.list,2021-07-03 22:32:11.894985
abs.twltters.xyz,AVAILABILITY,origin.list,2021-07-03 22:32:18.918703
ac6p62k2.face-book.cc,AVAILABILITY,origin.list,2021-07-03 22:32:24.711404
acc-app1e.account-management-privacy.com,AVAILABILITY,origin.list,2021-07-03 22:32:30.591895
acc0unt-secur1ty-ver1fy-app1e.oraspear.com,AVAILABILITY,origin.list,2021-07-03 22:32:36.461443
acc0unt.l0gin1.faceb0ok.mail.com.serverforhiretech.com,AVAILABILITY,origin.list,2021-07-03 22:32:43.261740
accept-pay.lnstagram-web.ga,AVAILABILITY,origin.list,2021-07-03 22:32:52.255517
acceptapp1eld-verlfy.com,AVAILABILITY,origin.list,2021-07-03 22:32:58.292393
access.manage-app1eid.com.obingsultantelkom.technology,AVAILABILITY,origin.list,2021-07-03 22:33:04.081198
accessibilty1napp1eldaccount.com,AVAILABILITY,origin.list,2021-07-03 22:33:11.252563
accessibiltyupdatemanage1napp1eldaccount.com,AVAILABILITY,origin.list,2021-07-03 22:33:18.161900
accessibiltyupdatemapp1eldaccount.com,AVAILABILITY,origin.list,2021-07-03 22:33:25.008584
accessolnstagram.altervista.org,AVAILABILITY,origin.list,2021-07-03 22:33:33.449060
account-lnstagram-security-confirm.com,AVAILABILITY,origin.list,2021-07-03 22:33:43.741951
account-lnstagram-verify.com,AVAILABILITY,origin.list,2021-07-03 22:33:49.581951
account-lnstagram-verify.com.instacimm.gq,AVAILABILITY,origin.list,2021-07-03 22:34:00.272071
account-lnstagram.ga,AVAILABILITY,origin.list,2021-07-03 22:34:12.004437
account-lnstagram.ml,AVAILABILITY,origin.list,2021-07-03 22:34:23.322950
account-lnstagrams.com,AVAILABILITY,origin.list,2021-07-03 22:34:33.818942
account-locked.app1e.com-accout-disable.ml,AVAILABILITY,origin.list,2021-07-03 22:34:43.794137
account-locked.app1e.com-dseoa-enabled.gq,AVAILABILITY,origin.list,2021-07-03 22:34:54.440802
account-locked.app1e.com-new-acc.ml,AVAILABILITY,origin.list,2021-07-03 22:35:02.292565
account-locked.app1e.com-wrtojfr.gq,AVAILABILITY,origin.list,2021-07-03 22:35:09.583318
account-paypa1supportid-verification-com.cf,AVAILABILITY,origin.list,2021-07-03 22:35:26.293807
account-paypa1supportid-verification-com.tk,AVAILABILITY,origin.list,2021-07-03 22:35:37.721380
account-paypa1update-lockedsecure2id-com.cf,AVAILABILITY,origin.list,2021-07-03 22:35:49.453697
account-recovery.app1e.com-access-your-account.cf,AVAILABILITY,origin.list,2021-07-03 22:35:56.333838
account-recovery.app1e.com-disable-accoutn.ml,AVAILABILITY,origin.list,2021-07-03 22:36:03.151670
account-recovery.app1e.com-dseoa-enabled.gq,AVAILABILITY,origin.list,2021-07-03 22:36:14.090160
account-recovery.app1e.com-newuai-ajuswqqq.gq,AVAILABILITY,origin.list,2021-07-03 22:36:28.673410
account-recovery.app1e.com-recovry-access.ga,AVAILABILITY,origin.list,2021-07-03 22:36:44.208370
account-recovery.app1e.com.gosdfew.gq,AVAILABILITY,origin.list,2021-07-03 22:36:53.464746
account-secure-faceb00k.ml,AVAILABILITY,origin.list,2021-07-03 22:37:00.859159
account-update-paypa1.commandair.sg,AVAILABILITY,origin.list,2021-07-03 22:37:06.881691
account-verified-lnstagram.cf,AVAILABILITY,origin.list,2021-07-03 22:37:19.525641
account-verifys-disab1e-app1eid-1ocked.com,AVAILABILITY,origin.list,2021-07-03 22:37:25.569172
account.app.app1e.work,AVAILABILITY,origin.list,2021-07-03 22:37:33.299725
account.lnstagram-security.com,AVAILABILITY,origin.list,2021-07-03 22:37:53.464108
account.lnstagramsecure.com,AVAILABILITY,origin.list,2021-07-03 22:38:00.496776
account.lnstagramverifybadgeidentify.site,AVAILABILITY,origin.list,2021-07-03 22:38:07.607414
account.paypa1.review,AVAILABILITY,origin.list,2021-07-03 22:38:14.320508
account.security.lnstagramcenter.tk,AVAILABILITY,origin.list,2021-07-03 22:38:27.306344
accountlnstagram.xyz,AVAILABILITY,origin.list,2021-07-03 22:38:35.229088
accounts-app1e.referralverification.com,AVAILABILITY,origin.list,2021-07-03 22:38:41.245794
accounts-app1eid-secure.idms-verify.com,AVAILABILITY,origin.list,2021-07-03 22:38:47.214171
accounts-app1eid.authentyverifl.com,AVAILABILITY,origin.list,2021-07-03 22:38:53.227053
accounts-app1eid.help-mysupports.com,AVAILABILITY,origin.list,2021-07-03 22:38:59.286084
accounts-billq.app1eids.gasmasxnmc.com,AVAILABILITY,origin.list,2021-07-03 22:39:05.102654
accounts-lnstagram.com,AVAILABILITY,origin.list,2021-07-03 22:39:10.937566
accounts-twltter.com,AVAILABILITY,origin.list,2021-07-03 22:39:20.714934
accounts.en-lnstagram.com,AVAILABILITY,origin.list,2021-07-03 22:39:26.676736
accounts.lnstagrams.co,AVAILABILITY,origin.list,2021-07-03 22:39:33.434093
accounts.lnstagramsignn.com,AVAILABILITY,origin.list,2021-07-03 22:39:40.435017
accountverificationlnstagramfor.cf,AVAILABILITY,origin.list,2021-07-03 22:40:10.011361
accountverifylnstagram.ga,AVAILABILITY,origin.list,2021-07-03 22:40:20.594428
acopyrirghtz-lnstagram.ml,AVAILABILITY,origin.list,2021-07-03 22:40:33.932937
actifatorpaypa1.dnsalias.com,AVAILABILITY,origin.list,2021-07-03 22:40:45.172579
actifatorpaypa1.from-ca.com,AVAILABILITY,origin.list,2021-07-03 22:40:57.013115
actifatorpaypa1.from-oh.com,AVAILABILITY,origin.list,2021-07-03 22:41:03.899964
activepaypa1.ml,AVAILABILITY,origin.list,2021-07-03 22:41:12.456829
activity-app1e.serveblog.net,AVAILABILITY,origin.list,2021-07-03 22:41:18.484005
ad-lnstagramcopyright.ml,AVAILABILITY,origin.list,2021-07-03 22:41:31.843944
admin.app1e.top,AVAILABILITY,origin.list,2021-07-03 22:41:49.445358
ads.checkpointfaceb00k.net,AVAILABILITY,origin.list,2021-07-03 22:41:56.196437
afl-cda-qa-nc.appl.kp.org,AVAILABILITY,origin.list,2021-07-03 22:42:02.346800
afl-cda-qa-sc.appl.kp.org,AVAILABILITY,origin.list,2021-07-03 22:42:08.482051
agencies-lnstagram.ml,AVAILABILITY,origin.list,2021-07-03 22:42:49.225370
agency.lnstagram-security.com,AVAILABILITY,origin.list,2021-07-03 22:43:09.290759
agram.mail-lnstagrams.com,AVAILABILITY,origin.list,2021-07-03 22:43:15.241407
airpods-app1e.ru,AVAILABILITY,origin.list,2021-07-03 22:43:38.348232
aji.face-book.cc,AVAILABILITY,origin.list,2021-07-03 22:43:44.184709
alert-faceb00k.ml,AVAILABILITY,origin.list,2021-07-03 22:44:00.310838
all-paypa1.com,AVAILABILITY,origin.list,2021-07-03 22:44:06.212261
amazon.manage-verification.xn--pple-k13a.com,AVAILABILITY,origin.list,2021-07-03 22:44:12.070737
ample.theminimalistmarch.com,AVAILABILITY,origin.list,2021-07-03 22:44:36.965381
ample.training,AVAILABILITY,origin.list,2021-07-03 22:44:44.213327
anmelden-faceb00k.gq,AVAILABILITY,origin.list,2021-07-03 22:45:03.539243
api.app1e.cc,AVAILABILITY,origin.list,2021-07-03 22:45:24.567468
api.app1e.me,AVAILABILITY,origin.list,2021-07-03 22:45:31.878487
api.ar-lnstagram.com,AVAILABILITY,origin.list,2021-07-03 22:45:37.753291
api.tw1tter.js3and404.com,AVAILABILITY,origin.list,2021-07-03 22:45:49.694216
api.twltters.xyz,AVAILABILITY,origin.list,2021-07-03 22:45:58.721264
apis.lnstagramsignn.com,AVAILABILITY,origin.list,2021-07-03 22:46:05.604576
apk-secure.apps.app1e.itdevel.org,AVAILABILITY,origin.list,2021-07-03 22:46:12.021816
apl1eid-app1e.com,AVAILABILITY,origin.list,2021-07-03 22:46:17.995465
aple.grapur.se,AVAILABILITY,origin.list,2021-07-03 22:46:37.737037
aple.icu,AVAILABILITY,origin.list,2021-07-03 22:47:10.023310
aplleid-app1e.com,AVAILABILITY,origin.list,2021-07-03 22:47:19.123059
app-faceb00k.gq,AVAILABILITY,origin.list,2021-07-03 22:47:26.843577
app-faceb00k.ml,AVAILABILITY,origin.list,2021-07-03 22:47:36.836975
app-log1nacc0unt.com-s3cyure0.co-ver1fy.app1e.com-75865856.yyryrqs.com,AVAILABILITY,origin.list,2021-07-03 22:47:46.122270
app-log1nacc0unt.com-s3cyure0.co-ver1fy.app1e.com-78hlgy.gilbertasdsa.com,AVAILABILITY,origin.list,2021-07-03 22:59:58.107043
app-purch4s3app1e.ddnsking.com,AVAILABILITY,origin.list,2021-07-03 23:00:03.721502
app-purch4s3iapp1e.ddnsking.com,AVAILABILITY,origin.list,2021-07-03 23:00:09.340202
app1e-1d-acc0unts.l0g1n-c0nfr1m.cf,AVAILABILITY,origin.list,2021-07-03 23:00:19.411046
app1e-1d-acces.l0g1n-y0r-acc0unt.com,AVAILABILITY,origin.list,2021-07-03 23:00:24.886839
app1e-1d-l0gin.verif-1ogin.com,AVAILABILITY,origin.list,2021-07-03 23:00:30.321437
app1e-1d.com,AVAILABILITY,origin.list,2021-07-03 23:00:36.161208
app1e-1nformation-ac0unts-login.slowbygas.com,AVAILABILITY,origin.list,2021-07-03 23:00:41.587111
app1e-1ns1de.com,AVAILABILITY,origin.list,2021-07-03 23:00:47.285898
app1e-1ock3d-accou1nt-com.cf,AVAILABILITY,origin.list,2021-07-03 23:00:59.141229
app1e-876997659885o9f845764987gytf865655476o86473.lehughatod.com,AVAILABILITY,origin.list,2021-07-03 23:01:04.796384
app1e-accountsecure.servebeer.com,AVAILABILITY,origin.list,2021-07-03 23:01:14.952768
app1e-alertsec.servebeer.com,AVAILABILITY,origin.list,2021-07-03 23:01:24.792310
app1e-app1eid.auth1ocked.com,AVAILABILITY,origin.list,2021-07-03 23:01:30.251342
app1e-app1eid.referralverification.com,AVAILABILITY,origin.list,2021-07-03 23:01:35.793978
app1e-app1id.servebeer.com,AVAILABILITY,origin.list,2021-07-03 23:01:41.421313
app1e-approve.serveirc.com,AVAILABILITY,origin.list,2021-07-03 23:01:47.068891
app1e-apps.serveirc.com,AVAILABILITY,origin.list,2021-07-03 23:01:52.698133
app1e-appsverfses1on.com,AVAILABILITY,origin.list,2021-07-03 23:01:58.271680
app1e-appsverfses1onsign.com,AVAILABILITY,origin.list,2021-07-03 23:02:03.875012
app1e-ch.cn,AVAILABILITY,origin.list,2021-07-03 23:02:10.591941
app1e-dx1v.top,AVAILABILITY,origin.list,2021-07-03 23:02:21.960193
app1e-err0r-8x00786.store,AVAILABILITY,origin.list,2021-07-03 23:02:28.085473
app1e-ib.com,AVAILABILITY,origin.list,2021-07-03 23:02:41.501195
app1e-ic1oud.com,AVAILABILITY,origin.list,2021-07-03 23:02:47.105681
app1e-id.4ccount-unlock.com,AVAILABILITY,origin.list,2021-07-03 23:02:52.740524
app1e-id.appel.co.xcndhk.live,AVAILABILITY,origin.list,2021-07-03 23:03:05.255054
app1e-id.com,AVAILABILITY,origin.list,2021-07-03 23:03:10.950209
app1e-idemail.serveirc.com,AVAILABILITY,origin.list,2021-07-03 23:03:23.103133
app1e-idrecovery-management-authorizations.ga,AVAILABILITY,origin.list,2021-07-03 23:03:32.211006
app1e-incveifinfo.com,AVAILABILITY,origin.list,2021-07-03 23:03:37.852571
app1e-introduction.servebeer.com,AVAILABILITY,origin.list,2021-07-03 23:03:47.619739
app1e-invoice-accou1nt-com.cf,AVAILABILITY,origin.list,2021-07-03 23:03:59.327547
app1e-invoice-cancel-com.tk,AVAILABILITY,origin.list,2021-07-03 23:04:05.750639
app1e-invoice-cancel-order-com.cf,AVAILABILITY,origin.list,2021-07-03 23:04:17.735420
app1e-invoice-review-cancel-com.tk,AVAILABILITY,origin.list,2021-07-03 23:04:25.140237
app1e-invoiced-accou1nt-com-fr.cf,AVAILABILITY,origin.list,2021-07-03 23:04:36.630652
app1e-invoiced-accou1nt-com-fr.tk,AVAILABILITY,origin.list,2021-07-03 23:04:48.465740
app1e-ios.com,AVAILABILITY,origin.list,2021-07-03 23:04:54.159026
app1e-iphone.com,AVAILABILITY,origin.list,2021-07-03 23:04:59.792182
app1e-iphonefind.com,AVAILABILITY,origin.list,2021-07-03 23:05:05.441911
app1e-llock3d-accou1nt-com.cf,AVAILABILITY,origin.list,2021-07-03 23:05:19.970129
app1e-lock3d-accou1nt-com.cf,AVAILABILITY,origin.list,2021-07-03 23:05:32.308360
app1e-lockedsecure.servebeer.com,AVAILABILITY,origin.list,2021-07-03 23:05:42.078821
app1e-lockk3d-accou1nt-com.cf,AVAILABILITY,origin.list,2021-07-03 23:05:52.834539
app1e-manage-acces-1ocked.com,AVAILABILITY,origin.list,2021-07-03 23:06:02.729348
app1e-managelog.serveirc.com,AVAILABILITY,origin.list,2021-07-03 23:06:08.252395
app1e-manager.serveirc.com,AVAILABILITY,origin.list,2021-07-03 23:06:13.832662
app1e-manger-verification-account-locked.com,AVAILABILITY,origin.list,2021-07-03 23:06:19.495771
app1e-myaccount.serveirc.com,AVAILABILITY,origin.list,2021-07-03 23:06:25.081218
app1e-myapp1e.servebeer.com,AVAILABILITY,origin.list,2021-07-03 23:06:30.591184
app1e-myapps.serveirc.com,AVAILABILITY,origin.list,2021-07-03 23:06:40.299815
app1e-news.net,AVAILABILITY,origin.list,2021-07-03 23:06:46.000418
app1e-payiing336.shangmhatas.org,AVAILABILITY,origin.list,2021-07-03 23:06:54.607959
app1e-reportalert.servebeer.com,AVAILABILITY,origin.list,2021-07-03 23:07:04.423612
app1e-reportalert9.servebeer.com,AVAILABILITY,origin.list,2021-07-03 23:07:10.109379
app1e-reportalertinform-accou1nt-com.cf,AVAILABILITY,origin.list,2021-07-03 23:07:21.360692
app1e-review1-statemen1-com.cf,AVAILABILITY,origin.list,2021-07-03 23:07:36.200284
app1e-review1-statement-com.cf,AVAILABILITY,origin.list,2021-07-03 23:07:47.270441
app1e-s1gn-confirmation-al3rt32.howtobeaas.com,AVAILABILITY,origin.list,2021-07-03 23:07:52.838607
app1e-secur1ty.com,AVAILABILITY,origin.list,2021-07-03 23:07:58.540291
app1e-securelock.servebeer.com,AVAILABILITY,origin.list,2021-07-03 23:08:21.157795
app1e-securemail.serveirc.com,AVAILABILITY,origin.list,2021-07-03 23:08:26.744404
app1e-securemore39.servebeer.com,AVAILABILITY,origin.list,2021-07-03 23:08:32.312131
app1e-security29.servebeer.com,AVAILABILITY,origin.list,2021-07-03 23:08:37.810341
app1e-securitylog13.servebeer.com,AVAILABILITY,origin.list,2021-07-03 23:08:47.643029
app1e-st3tus-l0gin-cente316r6411service.easpoho.com,AVAILABILITY,origin.list,2021-07-03 23:08:57.384836
app1e-store.com,AVAILABILITY,origin.list,2021-07-03 23:09:02.962210
app1e-store.com-verification.uehak.com,AVAILABILITY,origin.list,2021-07-03 23:09:08.596861
app1e-subdomains.servebeer.com,AVAILABILITY,origin.list,2021-07-03 23:09:14.241697
app1e-subscription.servehttp.com,AVAILABILITY,origin.list,2021-07-03 23:09:19.881456
app1e-support.help-account-login.ml,AVAILABILITY,origin.list,2021-07-03 23:09:26.021900
app1e-support.serveirc.com,AVAILABILITY,origin.list,2021-07-03 23:09:31.593505
app1e-support.updates-security-reasons-mail-account.tk,AVAILABILITY,origin.list,2021-07-03 23:09:38.658413
app1e-support.xyz,AVAILABILITY,origin.list,2021-07-03 23:09:44.434173
app1e-supports.servebeer.com,AVAILABILITY,origin.list,2021-07-03 23:09:49.952801
app1e-supports.serveirc.com,AVAILABILITY,origin.list,2021-07-03 23:09:55.522435
app1e-supportunfol.serveirc.com,AVAILABILITY,origin.list,2021-07-03 23:10:01.152115
app1e-tearm-verify.ml,AVAILABILITY,origin.list,2021-07-03 23:10:13.294622
app1e-unlocked-page.com,AVAILABILITY,origin.list,2021-07-03 23:10:26.956137
app1e-update-info.com,AVAILABILITY,origin.list,2021-07-03 23:10:32.587136
app1e-updatealert.servebeer.com,AVAILABILITY,origin.list,2021-07-03 23:10:38.153571
app1e-ver1vy.com,AVAILABILITY,origin.list,2021-07-03 23:10:43.762591
app1e.1d.1nf0rmation.samudaones.com,AVAILABILITY,origin.list,2021-07-03 23:10:56.587433
app1e.1djshfw21herwf5438ef3.xyz,AVAILABILITY,origin.list,2021-07-03 23:11:02.951658
app1e.1nc-ver1fy-1ocked.com,AVAILABILITY,origin.list,2021-07-03 23:11:08.596219
app1e.1ocked-disab1e-dashbord.com,AVAILABILITY,origin.list,2021-07-03 23:11:14.240174
app1e.1ocked-myactivy-secure-add.com,AVAILABILITY,origin.list,2021-07-03 23:11:20.015040
app1e.account-cofirm1ocked-secure.com,AVAILABILITY,origin.list,2021-07-03 23:11:25.573937
app1e.account-subscription-costumer.com,AVAILABILITY,origin.list,2021-07-03 23:11:31.266765
app1e.account1ocked-confirm-update.com,AVAILABILITY,origin.list,2021-07-03 23:11:36.872751
app1e.accountconfirm-container-disab1e.com,AVAILABILITY,origin.list,2021-07-03 23:11:42.495593
app1e.accountsecur1ty-disab1e.com,AVAILABILITY,origin.list,2021-07-03 23:11:47.951886
app1e.activity-secure-dashbord.com,AVAILABILITY,origin.list,2021-07-03 23:11:56.842773
app1e.additional-subscription-privilege-your-account-918382.com,AVAILABILITY,origin.list,2021-07-03 23:12:02.344521
app1e.akahoney.live,AVAILABILITY,origin.list,2021-07-03 23:12:09.120045
app1e.app1eid-support-1ocked.com,AVAILABILITY,origin.list,2021-07-03 23:12:18.776108
app1e.appeid-en.us,AVAILABILITY,origin.list,2021-07-03 23:12:24.503197
app1e.apps-support-1ocked.com,AVAILABILITY,origin.list,2021-07-03 23:12:30.008699
app1e.apps-us.com,AVAILABILITY,origin.list,2021-07-03 23:12:35.594885
app1e.autentiverify.com,AVAILABILITY,origin.list,2021-07-03 23:12:41.955598
app1e.authentiverify.com,AVAILABILITY,origin.list,2021-07-03 23:12:48.325664
app1e.authentyverifl.com,AVAILABILITY,origin.list,2021-07-03 23:12:54.717062
app1e.authmy-statement1ocked.com,AVAILABILITY,origin.list,2021-07-03 23:13:00.433836
app1e.authverify-appsacces.com,AVAILABILITY,origin.list,2021-07-03 23:13:06.140836
app1e.authverifyacces.com,AVAILABILITY,origin.list,2021-07-03 23:13:12.475997
app1e.best4me-best4u-convindencelyt.com,AVAILABILITY,origin.list,2021-07-03 23:13:17.997683
app1e.cc,AVAILABILITY,origin.list,2021-07-03 23:13:48.122608
app1e.cf,AVAILABILITY,origin.list,2021-07-03 23:14:01.668417
app1e.co.1djshfw21herwf5438ef3.xyz,AVAILABILITY,origin.list,2021-07-03 23:14:45.689671
app1e.com-048kfr94-enables.gq,AVAILABILITY,origin.list,2021-07-03 23:15:22.285350
app1e.com-1ocked-dashbord-addtiona1info.com,AVAILABILITY,origin.list,2021-07-03 23:15:27.810060
app1e.com-1ocked-mydashbord-addtional.com,AVAILABILITY,origin.list,2021-07-03 23:15:33.363557
app1e.com-75865856.yyryrqs.com,AVAILABILITY,origin.list,2021-07-03 23:15:38.779833
app1e.com-78hlgy.gilbertasdsa.com,AVAILABILITY,origin.list,2021-07-03 23:15:44.281350
app1e.com-access-recovery.gq,AVAILABILITY,origin.list,2021-07-03 23:15:50.882395
app1e.com-access-your-account.cf,AVAILABILITY,origin.list,2021-07-03 23:16:00.785401
app1e.com-accountsecure-disab1e.com,AVAILABILITY,origin.list,2021-07-03 23:16:09.669786
app1e.com-accountsecure-mydisab1e.com,AVAILABILITY,origin.list,2021-07-03 23:16:15.265229
app1e.com-accout-disable.ml,AVAILABILITY,origin.list,2021-07-03 23:16:26.124192
app1e.com-activ1ty-un1ocked.com,AVAILABILITY,origin.list,2021-07-03 23:16:31.806493
app1e.com-activy-securemy-dashbord.com,AVAILABILITY,origin.list,2021-07-03 23:16:37.353166
app1e.com-dashbord-auth-sub-apps.com,AVAILABILITY,origin.list,2021-07-03 23:16:43.043529
app1e.com-disab1e-myaccountsecure.com,AVAILABILITY,origin.list,2021-07-03 23:16:48.663932
app1e.com-disable-accoutn.ml,AVAILABILITY,origin.list,2021-07-03 23:16:54.811627
app1e.com-dseoa-enabled.gq,AVAILABILITY,origin.list,2021-07-03 23:17:05.394953
app1e.com-ewiwcbn.cf,AVAILABILITY,origin.list,2021-07-03 23:17:11.527831
app1e.com-manage-verification-1ocked-account.com,AVAILABILITY,origin.list,2021-07-03 23:17:20.284722
app1e.com-new-acc.ml,AVAILABILITY,origin.list,2021-07-03 23:17:26.823110
app1e.com-newuai-ajuswqqq.gq,AVAILABILITY,origin.list,2021-07-03 23:17:35.454858
app1e.com-page-signin-verificationid8233082349032.tk,AVAILABILITY,origin.list,2021-07-03 23:17:41.527762
app1e.com-recovry-access.ga,AVAILABILITY,origin.list,2021-07-03 23:17:50.009961
app1e.com-secure-active-1ocked-acces-myaccount892-id90.com,AVAILABILITY,origin.list,2021-07-03 23:17:55.635515
app1e.com-secure-myadditional-info.com,AVAILABILITY,origin.list,2021-07-03 23:18:01.289454
app1e.com-secure-un1ocked-addtional-ver1fy.com,AVAILABILITY,origin.list,2021-07-03 23:18:06.753104
app1e.com-signacc0untsld.pepahatahbila.com,AVAILABILITY,origin.list,2021-07-03 23:18:12.272971
app1e.com-support-dashbord-1ocked-secure.com,AVAILABILITY,origin.list,2021-07-03 23:18:17.910526
app1e.com-support-dashbord-1ocked.com,AVAILABILITY,origin.list,2021-07-03 23:18:23.555644
app1e.com-support-dashbord-secure1.com,AVAILABILITY,origin.list,2021-07-03 23:18:29.024395
app1e.com-support-un1ocked-dahbordsecure.com,AVAILABILITY,origin.list,2021-07-03 23:18:34.668323
app1e.com-un1ocked-my-dashbord1-com.com,AVAILABILITY,origin.list,2021-07-03 23:18:40.243577
app1e.com-verify-securedisab1e.com,AVAILABILITY,origin.list,2021-07-03 23:18:45.902553
app1e.com-wrtojfr.gq,AVAILABILITY,origin.list,2021-07-03 23:18:53.391528
app1e.com.abikayloray.com,AVAILABILITY,origin.list,2021-07-03 23:18:59.721497
app1e.com.apl-id-secure-suite.me,AVAILABILITY,origin.list,2021-07-03 23:19:06.017250
app1e.com.com-account-verifications.com,AVAILABILITY,origin.list,2021-07-03 23:19:22.726348
app1e.com.freegiftwaves.com,AVAILABILITY,origin.list,2021-07-03 23:19:29.263953
app1e.com.getnewaccess.info,AVAILABILITY,origin.list,2021-07-03 23:19:39.284248
app1e.com.gosdfew.gq,AVAILABILITY,origin.list,2021-07-03 23:19:48.504054
app1e.com.jp-id62391.com,AVAILABILITY,origin.list,2021-07-03 23:19:54.030482
